[
    {
        "date": "2021-01",
        "value": 11,
        "theme": "Generative AI"
    }, 
    {
        "date": "2021-02",
        "value": 10,
        "theme": "Generative AI"
    },
    {
        "date": "2021-03",
        "value": 9,
        "theme": "Generative AI"
    },
    {
        "date": "2021-04",
        "value": 8,
        "theme": "Generative AI"
    },
    {
        "date": "2021-05",
        "value": 9,
        "theme": "Generative AI"
    },
    {
        "date": "2021-06",
        "value": 9,
        "theme": "Generative AI"
    },
    {
        "date": "2021-07",
        "value": 8,
        "theme": "Generative AI"
    },
    {
        "date": "2021-08",
        "value": 5,
        "theme": "Generative AI"
    },
    {
        "date": "2021-09",
        "value": 13,
        "theme": "Generative AI"
    },
    {
        "date": "2021-10",
        "value": 10,
        "theme": "Generative AI"
    },
    {
        "date": "2021-11",
        "value": 6,
        "theme": "Generative AI"
    },
    {
        "date": "2021-12",
        "value": 5,
        "theme": "Generative AI"
    },
    {
        "date": "2022-01",
        "value": 12,
        "theme": "Generative AI"
    },
    {
        "date": "2022-02",
        "value": 8,
        "theme": "Generative AI"
    },
    {
        "date": "2022-03",
        "value": 9,
        "theme": "Generative AI"
    },
    {
        "date": "2022-04",
        "value": 13,
        "theme": "Generative AI"
    },
    {
        "date": "2022-05",
        "value": 13,
        "theme": "Generative AI"
    },
    {
        "date": "2022-06",
        "value": 13,
        "theme": "Generative AI"
    },
    {
        "date": "2022-07",
        "value": 10,
        "theme": "Generative AI"
    },
    {
        "date": "2022-08",
        "value": 25,
        "theme": "Generative AI"
    },
    {
        "date": "2022-09",
        "value": 21,
        "theme": "Generative AI"
    },
    {
        "date": "2022-10",
        "value": 19,
        "theme": "Generative AI"
    },
    {
        "date": "2022-11",
        "value": 25,
        "theme": "Generative AI"
    },
    {
        "date": "2022-12",
        "value": 19,
        "theme": "Generative AI"
    },
    {
        "date": "2023-01",
        "value": 23,
        "theme": "Generative AI"
    },
    {
        "date": "2023-02",
        "value": 31,
        "theme": "Generative AI"
    },
    {
        "date": "2023-03",
        "value": 62,
        "theme": "Generative AI"
    },
    {
        "date": "2023-04",
        "value": 72,
        "theme": "Generative AI"
    },
    {
        "date": "2023-05",
        "value": 68,
        "theme": "Generative AI"
    },
    {
        "date": "2023-06",
        "value": 58,
        "theme": "Generative AI"
    },
    {
        "date": "2023-07",
        "value": 44,
        "theme": "Generative AI"
    },
    {
        "date": "2023-08",
        "value": 54,
        "theme": "Generative AI"
    },
    {
        "date": "2023-09",
        "value": 52,
        "theme": "Generative AI"
    },
    {
        "date": "2023-10",
        "value": 64,
        "theme": "Generative AI"
    },
    {
        "date": "2023-11",
        "value": 60,
        "theme": "Generative AI"
    },
    {
        "date": "2023-12",
        "value": 70,
        "theme": "Generative AI"
    },
    {
        "date": "2024-01",
        "value": 61,
        "theme": "Generative AI"
    },
    {
        "date": "2024-02",
        "value": 67,
        "theme": "Generative AI"
    },
    {
        "date": "2024-03",
        "value": 55,
        "theme": "Generative AI"
    },
    {
        "date": "2024-04",
        "value": 44,
        "theme": "Generative AI"
    },
    {
        "date": "2024-05",
        "value": 27,
        "theme": "Generative AI"
    },
    {
        "date": "2024-06",
        "value": 10,
        "theme": "Generative AI"
    }
]
